{
    "DNDConfig": null,
    "__parentReadjusting__": false,
    "_bottom_": {
        "type": "string",
        "value": "0dp"
    },
    "_height_": {
        "type": "string",
        "value": "100%"
    },
    "_margin_": [
        0,
        0,
        0,
        0
    ],
    "_orientation_": 6,
    "_padding_": [
        0,
        0,
        0,
        0
    ],
    "_percent_": true,
    "_skin_": "s2dcf3c99e5b460d96d44a5b0cba6e8f",
    "_width_": {
        "type": "string",
        "value": "100%"
    },
    "allboxes": [],
    "autogrowmode": 0,
    "canUpdateUI": true,
    "centerx": {
        "type": "string",
        "value": "50%"
    },
    "centery": {
        "type": "string",
        "value": "50%"
    },
    "children": [
        "flxTitle",
        "flxContent",
        "btnOrder",
        "Button0bce9cdca7a3c46"
    ],
    "clipbounds": true,
    "containerweight": 100,
    "enablescrolling": true,
    "id": "flxRoot",
    "info": null,
    "isvisible": true,
    "kuid": "ebbfb22977bb435d80a72632a9a05cdc",
    "layouttype": 2,
    "name": "kony.ui.FlexContainer",
    "parent": "frmOrder",
    "pf": "frmOrder",
    "snapgridsize": 10,
    "snaptogrid": true,
    "wType": "FlexContainer",
    "widgetalignment": 1,
    "zindex": 1
}