{"DNDConfig":null,"_height_":{"type":"string","value":"70dp"},"_margin_":[0,0,0,0],"_orientation_":6,"_padding_":[0,0,0,0],"_percent_":true,"_skin_":"s8414298d7f94f7b8f0a8cb53f57112a","allboxes":[],"autogrowmode":0,"canUpdateUI":true,"children":["flxRestaurantInfo","flxDeleteRestaurant","lblLine","flxDelete"],"clipbounds":true,"containerId":true,"containerweight":100,"controllerInfo":{"default":{"channel":"mobile","name":"flxFavRootContainerController"}},"enablescrolling":true,"id":"flxFavRootContainer","info":null,"isTemplate":true,"isvisible":true,"kuid":"21cb45fde8f3410ba783be49e89bbf56","layouttype":2,"name":"kony.ui.FlexContainer","parent":"segTmpFavRestaurant","pf":"segTmpFavRestaurant","snapgridsize":10,"snaptogrid":true,"wType":"FlexContainer","widgetalignment":1}