{
    "@class": "com.kony.gen.viz.model.component.KVizImage2",
    "DNDConfig": null,
    "__parentReadjusting__": false,
    "_base64_": null,
    "_height_": {
        "type": "string",
        "value": "80%"
    },
    "_left_": {
        "type": "string",
        "value": "0dp"
    },
    "_margin_": [
        0,
        0,
        0,
        0
    ],
    "_padding_": [
        0,
        0,
        0,
        0
    ],
    "_skin_": "s37b42781fc04cacb7cbbed708eeefad",
    "_src_": "imagedrag.png",
    "_width_": {
        "type": "string",
        "value": "18%"
    },
    "canUpdateUI": true,
    "centery": {
        "type": "string",
        "value": "50%"
    },
    "containerId": true,
    "containerweight": 100,
    "context": {
        "channel": "mobile",
        "platform": "iphone",
        "templateType": "segments",
        "topLevelBox": null
    },
    "id": "imgResIcon",
    "imagescalemode": 0,
    "info": null,
    "isvisible": true,
    "kuid": "18501937f44e4a1d8fb56b21c011b305",
    "name": "kony.ui.Image2",
    "parent": "flxRestaurantInfo",
    "pf": "segTmpFavRestaurant",
    "srcType": 1,
    "wType": "Image",
    "widgetalignment": 5,
    "zindex": 1
}