{
    "@class": "com.kony.gen.viz.model.component.KVizLabel",
    "DNDConfig": null,
    "__parentReadjusting__": false,
    "_height_": {
        "type": "string",
        "value": "30dp"
    },
    "_left_": {
        "type": "string",
        "value": "19%"
    },
    "_margin_": [
        1,
        1,
        1,
        1
    ],
    "_padding_": [
        0,
        0,
        0,
        0
    ],
    "_skin_": "s1dd80036b6448ccb25d81b6c7ff27af",
    "_text_": "Cuisines",
    "_top_": {
        "type": "string",
        "value": "28dp"
    },
    "_width_": {
        "type": "string",
        "value": "60%"
    },
    "_wrapping_": 2,
    "android": {
        "textStyle": {
            "letterSpacing": 0,
            "strikeThrough": false
        }
    },
    "canUpdateUI": true,
    "containerId": true,
    "containerweight": 100,
    "contentalignment": 1,
    "id": "lblCuisines",
    "info": null,
    "ipad": {
        "psp": {
            "wrapping": 2
        }
    },
    "iphone": {
        "psp": {
            "wrapping": 2
        }
    },
    "isvisible": true,
    "kuid": "10c7acb9a47c4a62aa5bb5a643e4d372",
    "name": "kony.ui.Label",
    "parent": "flxRestaurantInfo",
    "pf": "segTmpFavRestaurant",
    "tooltip": "",
    "wType": "Label",
    "zindex": 1
}