{"Restauants":{"getRestaurants":{"servicename":"Restauants","serviceid":"e210a804-2eb2-4903-9967-b0a2387592db","type":"integration","operationname":"getRestaurants","operationid":"1399573"},"getCuisines":{"servicename":"Restauants","serviceid":"e210a804-2eb2-4903-9967-b0a2387592db","type":"integration","operationname":"getCuisines","operationid":"1399574"},"getCity":{"servicename":"Restauants","serviceid":"e210a804-2eb2-4903-9967-b0a2387592db","type":"integration","operationname":"getCity","operationid":"1399575"},"nearByRestaurants":{"servicename":"Restauants","serviceid":"e210a804-2eb2-4903-9967-b0a2387592db","type":"integration","operationname":"nearByRestaurants","operationid":"1399576"},"restaurantDetails":{"servicename":"Restauants","serviceid":"e210a804-2eb2-4903-9967-b0a2387592db","type":"integration","operationname":"restaurantDetails","operationid":"1399577"},"dailyMenu":{"servicename":"Restauants","serviceid":"e210a804-2eb2-4903-9967-b0a2387592db","type":"integration","operationname":"dailyMenu","operationid":"1399578"}},"ZFBGraphAPI":{"getUserDetails":{"servicename":"ZFBGraphAPI","serviceid":"01393996-2d83-4b27-92d4-a755c0a3d859","type":"integration","operationname":"getUserDetails","operationid":"1399580"}}}