{
    "APPLICATION_THEME": "default",
    "appaddrkey": "",
    "appidkey": "Foodie",
    "appmenu": {
        "desktop": {
            "data": [
                {
                    "icon": {
                        "default": "option1.png"
                    },
                    "id": "appmenuitemid1",
                    "kuid": "1a038e3687034c59948876779e5a26d9",
                    "title": "Item 1"
                },
                {
                    "icon": {
                        "default": "option2.png"
                    },
                    "id": "appmenuitemid2",
                    "kuid": "dd58e6bc88f445eaada27ef22c0a7764",
                    "title": "Item 2"
                },
                {
                    "icon": {
                        "default": "option3.png"
                    },
                    "id": "appmenuitemid3",
                    "kuid": "b8af59f086484722af638f5258e439a8",
                    "title": "Item 3"
                },
                {
                    "icon": {
                        "default": "option4.png"
                    },
                    "id": "appmenuitemid4",
                    "kuid": "3f3d075909334c109a090ffeb36c2f2e",
                    "title": "Item 4"
                }
            ]
        },
        "focusSkin": null,
        "focusskin": null,
        "mobile": {
            "data": [
                {
                    "android": {
                        "showAsFlag": 0
                    },
                    "icon": {
                        "default": "option1.png"
                    },
                    "id": "appmenuitemid1",
                    "kuid": "2243acfd57794c1b8072a2d37ab1b3fc",
                    "title": "Item 1"
                },
                {
                    "android": {
                        "showAsFlag": 0
                    },
                    "icon": {
                        "default": "option2.png"
                    },
                    "id": "appmenuitemid2",
                    "kuid": "bea563560b57416aa14821b295ac82fa",
                    "title": "Item 2"
                },
                {
                    "android": {
                        "showAsFlag": 0
                    },
                    "icon": {
                        "default": "option3.png"
                    },
                    "id": "appmenuitemid3",
                    "kuid": "28bf5b88bbe14a78b12b491e4e0a36eb",
                    "title": "Item 3"
                },
                {
                    "android": {
                        "showAsFlag": 0
                    },
                    "icon": {
                        "default": "option4.png"
                    },
                    "id": "appmenuitemid4",
                    "kuid": "0633b6564cf84005a15e2bef7ca96760",
                    "title": "Item 4"
                }
            ]
        },
        "osPlatform": "",
        "osVersion": "iOS7",
        "skin": null,
        "tablet": {
            "data": [
                {
                    "android": {
                        "showAsFlag": 0
                    },
                    "icon": {
                        "default": "option1.png"
                    },
                    "id": "appmenuitemid1",
                    "kuid": "dbc73f9482d44e2495b16a8f52068f31",
                    "title": "Item 1",
                    "windows8": {
                        "appBarButtonStyle": "No Style",
                        "position": "BOTTOM_LEFT"
                    }
                },
                {
                    "android": {
                        "showAsFlag": 0
                    },
                    "icon": {
                        "default": "option2.png"
                    },
                    "id": "appmenuitemid2",
                    "kuid": "869c6b5565b34ca9b9cdc054cc4d4f7a",
                    "title": "Item 2",
                    "windows8": {
                        "appBarButtonStyle": "No Style",
                        "position": "BOTTOM_LEFT"
                    }
                },
                {
                    "android": {
                        "showAsFlag": 0
                    },
                    "icon": {
                        "default": "option3.png"
                    },
                    "id": "appmenuitemid3",
                    "kuid": "930fb58327394922ae16638af02b8bf7",
                    "title": "Item 3",
                    "windows8": {
                        "appBarButtonStyle": "No Style",
                        "position": "BOTTOM_LEFT"
                    }
                },
                {
                    "android": {
                        "showAsFlag": 0
                    },
                    "icon": {
                        "default": "option4.png"
                    },
                    "id": "appmenuitemid4",
                    "kuid": "749cbc2cd9724e58b111458e5fb0cfaf",
                    "title": "Item 4",
                    "windows8": {
                        "appBarButtonStyle": "No Style",
                        "position": "BOTTOM_LEFT"
                    }
                }
            ]
        },
        "wType": "Appmenu"
    },
    "appnamekey": "Foodie",
    "apppackagekey": "",
    "appversionkey": "1.0.0",
    "build": "debug",
    "category": "app",
    "cordovaVersionInfo": {
        "useGlobalCordova": false
    },
    "createdVizVersion": "7.2.0.2",
    "createdgaversion": "7.2.0",
    "currentgaversion": "7.3.0",
    "defaulttheme": "defaultTheme",
    "desktopwebbasefontsize": "12",
    "enableCordova": false,
    "enableIdForAutomation": false,
    "enableactionbar": false,
    "ide_appEvents": {
        "mobile": {
            "postappinit": "AS_AppEvents_j3fdee38f72542aaaf876abfc82dc2e8"
        }
    },
    "isA11yConfigEnabled": false,
    "isDpScaleFactor": true,
    "isMVC": true,
    "isNewAppWithRespectToAndroidPackageName": "",
    "konyVizVersion": "7.3.0",
    "mfappguid": {
        "047da162-d5b8-4088-af89-0f280b71528e": "ba19fe0c-882c-48c5-b6c1-8c462991f8fb",
        "19edfd1b-b768-4eef-bf91-3cea97a4e6bc": "ec54413c-f3fa-4164-ae23-cb9dec7173ef",
        "568581eb-ce22-415b-86c1-0de53972733a": "53a3bdea-c387-46d0-826a-7809229322dd",
        "835ccb99-10d9-49bd-b22c-665affc20a25": "1b8c6390-69f0-4df8-985b-b037aa1825b2",
        "e02af700-f02c-4f15-b671-78756a18f3c6": "df8ef1f2-8721-4a7a-a6af-e76bd02ae2c6",
        "e90a203b-5b56-4771-b2d7-35c715a40a4a": "19979264-d674-4fba-a193-5daf8364cfba",
        "bc0ed418-4ea7-495e-a573-2fced012bd3b": "443fccbe-912a-444e-b65e-c8481abcbe7f",
        "f5c80fc7-794b-4677-b8ac-bb337c20f1d8": "a1d66eeb-e04a-4a0e-858c-5132d43ed0ae"
    },
    "mwaddrkey": "",
    "mwhttpsportkey": "",
    "mwportkey": "",
    "nativeContainerProperties": {
        "isModified": true,
        "isEnableJSContainer": false,
        "isEnableJSContainerAndroid": false,
        "isEnableJSContaineriOS": false
    },
    "project.type": "js",
    "project_version": "sprint27",
    "referenceWidth": "375",
    "startupformkey": "frmLogin",
    "statusBarHidden": "false",
    "vendornamekey": "KonyLabs",
    "wap_android240_fontsize": "12",
    "wap_android320_fontsize": "12",
    "wap_android360_fontsize": "12",
    "wap_android400_fontsize": "12",
    "wap_android440_fontsize": "12",
    "wap_android480_fontsize": "12",
    "wap_android640_fontsize": "12",
    "wap_bb240_fontsize": "12",
    "wap_bb320_fontsize": "12",
    "wap_bb360_fontsize": "12",
    "wap_bb400_fontsize": "12",
    "wap_bb440_fontsize": "12",
    "wap_bb480_fontsize": "12",
    "wap_ip_fontsize": "12",
    "wap_spaandroidtab_fontsize": "12",
    "wap_spaandroidtabhdpi_fontsize": "12",
    "wap_spaandroidtabldpi_fontsize": "12",
    "wap_spaandroidtabmdpi_fontsize": "12",
    "wap_spaipad_fontsize": "12",
    "wap_spawindowstab_fontsize": "12",
    "wap_winphone320_fontsize": "12",
    "wap_winphone480_fontsize": "12",
    "watchos_longlooknotificationicon_38": "",
    "watchos_longlooknotificationicon_42": "",
    "watchos_notificationcentericon_38": "",
    "watchos_notificationcentericon_42": "",
    "watchos_shortlooknotificationicon_38": "",
    "watchos_shortlooknotificationicon_42": "",
    "winmobileguidkey": ""
}