{
    "DNDConfig": null,
    "__parentReadjusting__": false,
    "_height_": {
        "type": "string",
        "value": "26.81%"
    },
    "_left_": {
        "type": "string",
        "value": "0%"
    },
    "_margin_": [
        0,
        0,
        0,
        0
    ],
    "_orientation_": 6,
    "_padding_": [
        0,
        0,
        0,
        0
    ],
    "_percent_": true,
    "_skin_": "sbbcbe7406884d3c9a6005b6400bfc63",
    "_top_": {
        "type": "string",
        "value": "-22.37%"
    },
    "_width_": {
        "type": "string",
        "value": "100%"
    },
    "allboxes": [],
    "autogrowmode": 0,
    "canUpdateUI": true,
    "children": [],
    "clipbounds": true,
    "containerweight": 100,
    "enablescrolling": true,
    "id": "FlexContainer0f7db97dbf0b942",
    "info": null,
    "isvisible": true,
    "kuid": "i533ef6c9baf49e8bc507622ad0fab46",
    "layouttype": 2,
    "name": "kony.ui.FlexContainer",
    "parent": "flxContainer",
    "pf": "frmSearchRestaurant",
    "snapgridsize": 10,
    "snaptogrid": true,
    "wType": "FlexContainer",
    "widgetalignment": 1,
    "zindex": 1
}