{
    "@class": "com.kony.gen.viz.model.component.KVizButton",
    "DNDConfig": null,
    "__parentReadjusting__": false,
    "_height_": {
        "type": "string",
        "value": "35dp"
    },
    "_left_": {
        "type": "string",
        "value": "10dp"
    },
    "_margin_": [
        6,
        6,
        6,
        6
    ],
    "_padding_": [
        0,
        0,
        0,
        0
    ],
    "_skin_": "s0c76a5b183142debb4d5f12b3e57dad",
    "_text_": "",
    "_width_": {
        "type": "string",
        "value": "35dp"
    },
    "canUpdateUI": true,
    "centery": {
        "type": "string",
        "value": "50%"
    },
    "containerweight": 100,
    "contentalignment": 5,
    "displaytext": true,
    "focusskin": "s0c76a5b183142debb4d5f12b3e57dad",
    "id": "btnHome",
    "ide_onClick": "AS_Button_ga709817d4fd4e349048942f3d6e8370",
    "info": null,
    "isvisible": true,
    "kuid": "df74906dc7d64bfeb46c0056c88500d1",
    "name": "kony.ui.Button",
    "parent": "flxTitle",
    "pf": "frmPayment",
    "wType": "Button",
    "zindex": 1
}