{"DNDConfig":null,"_height_":{"type":"string","value":"40dp"},"_margin_":[0,0,0,0],"_orientation_":6,"_padding_":[0,0,0,0],"_percent_":true,"_width_":{"type":"string","value":"100%"},"allboxes":[],"canUpdateUI":true,"children":["lblResName"],"clipbounds":true,"containerId":true,"containerweight":100,"controllerInfo":{"default":{"channel":"mobile","name":"FBox0da8ea37aaf534eController"}},"enablescrolling":true,"id":"FBox0da8ea37aaf534e","info":null,"isGeneratedTemplate":true,"isTemplate":true,"isvisible":true,"kuid":"9f411a149f98488aa4db376326e77df6","layouttype":2,"name":"kony.ui.FlexContainer","pf":"FBox0da8ea37aaf534e","snapgridsize":10,"snaptogrid":true,"wType":"FlexContainer","widgetalignment":1}