{
  "android": {
    "font_size": 140,
    "isForked": false
  },
  "background_color": "507ed9ff",
  "bg_type": "one",
  "desktopweb": {
    "font_size": 140,
    "isForked": false
  },
  "fontSizeInPx": false,
  "font_color": "ffffff",
  "font_name": "Arial, Helvetica, sans-serif",
  "font_size": 140,
  "font_weight": "normal",
  "ipad": {
    "font_size": 140,
    "isForked": false
  },
  "iphone": {
    "font_name": "HelveticaNeue",
    "font_size": 140,
    "isForked": false
  },
  "isDefaultSkin": false,
  "kiosk": {
    "font_size": 140,
    "isForked": false
  },
  "kuid": "sfb2f4a3dcc5463d950d51436fa55564",
  "spaan": {
    "font_size": 140,
    "isForked": false
  },
  "spaandroidtablet": {
    "font_size": 140,
    "isForked": false
  },
  "spabb": {
    "font_size": 140,
    "isForked": false
  },
  "spaip": {
    "font_size": 140,
    "isForked": false
  },
  "spaipad": {
    "font_size": 140,
    "isForked": false
  },
  "spawindowstablet": {
    "font_size": 140,
    "isForked": false
  },
  "spawinphone8": {
    "font_size": 140,
    "isForked": false
  },
  "tabrcandroid": {
    "font_size": 140,
    "isForked": false
  },
  "wType": "TitleBar",
  "watchos": {
    "font_size": 140,
    "isForked": false
  },
  "windows8": {
    "font_size": 140,
    "isForked": false
  },
  "winphone8": {
    "font_size": 140,
    "isForked": false
  }
}