{"@class":"com.kony.gen.viz.model.container.KVizScrollFlexForm","DNDConfig":null,"_margin_":[0,0,0,0],"_orientation_":1,"_padding_":[0,0,0,0],"_percent_":true,"_skin_":"s2363c49757243e599a6bc60b8fa9ea8","_title_":"Location","addWidgetsdone":false,"allboxes":[],"android":{"needAppMenu":false,"psp":{"windowSoftInputMode":2}},"canUpdateUI":true,"children":["flxTitle","mapLocation"],"containerweight":100,"controllerInfo":{"default":{"channel":"mobile","name":"frmMapController"}},"currentLocale":"default","desktopweb":{"needAppMenu":false},"device":"iPhone6","displayorientation":1,"enabledforidletimeout":false,"id":"frmMap","info":null,"initdone":false,"inputaccessoryviewtype":4,"ipad":{"psp":{"inputAccessoryViewType":4}},"iphone":{"needAppMenu":false,"psp":{"inputAccessoryViewType":4,"titleBarConfig":{"buttonClosureLeftSideView":"","buttonClosureRightSideView":"","buttonText":"Edit","leftButtonText":"Back","leftTitle":"Back","prevFormTitle":false,"renderTitleText":true,"rightTitle":"Edit","titleBarLeftSideView":"button","titleBarRightSideView":"button","titleClosureLeftSideView":"","titleClosureRightSideView":"","visible":false}},"titleBar":false},"isvisible":true,"kuid":"60245041ff8b499caba9091f02656cbc","layouttype":2,"name":"kony.ui.Form2","needappmenu":true,"paddinginpixel":false,"platform":"iphone","prevDevice":"iPhone6","prevPlatform":"iphone","retainscrollposition":false,"shellCSS":"iOS_iPhone6","snapgridsize":10,"snaptogrid":true,"spaan":{"needAppMenu":false},"spabb":{"needAppMenu":false},"spaip":{"needAppMenu":false},"spawinphone8":{"needAppMenu":false},"titleBarSkin":"sb60ee388787428a87d9b8fda55fabb4","titlebar":false,"type":3,"wType":"Form","winphone8":{"needAppMenu":false}}