{
    "@class": "com.kony.gen.viz.model.component.KVizButton",
    "DNDConfig": null,
    "__parentReadjusting__": false,
    "_height_": {
        "type": "string",
        "value": "50dp"
    },
    "_left_": {
        "type": "string",
        "value": "43dp"
    },
    "_margin_": [
        6,
        6,
        6,
        6
    ],
    "_padding_": [
        0,
        0,
        0,
        0
    ],
    "_skin_": "s950bd62b69c48c182970d15cb897799",
    "_text_": "Button",
    "_top_": {
        "type": "string",
        "value": "405dp"
    },
    "_width_": {
        "type": "string",
        "value": "260dp"
    },
    "canUpdateUI": true,
    "containerweight": 100,
    "contentalignment": 5,
    "displaytext": true,
    "focusskin": "s239b2ba0d9746ef82e38a062dc9773d",
    "id": "Button0bce9cdca7a3c46",
    "ide_onClick": "AS_Button_a918b74ac046444499e36fbd8a268a0a",
    "info": null,
    "isvisible": false,
    "kuid": "hb6b5714d4364bd2a3956920464ac428",
    "name": "kony.ui.Button",
    "parent": "flxRoot",
    "pf": "frmOrder",
    "wType": "Button",
    "zindex": 2
}