{
    "@class": "com.kony.gen.viz.model.container.KVizTabPane",
    "DNDConfig": null,
    "__parentReadjusting__": false,
    "_activeTabsBackUp": [
        2
    ],
    "_height_": {
        "type": "string",
        "value": "385dp"
    },
    "_left_": {
        "type": "string",
        "value": "0dp"
    },
    "_margin_": [
        0,
        0,
        0,
        0
    ],
    "_orientation_": 1,
    "_padding_": [
        0,
        0,
        0,
        0
    ],
    "_percent_": true,
    "_top_": {
        "type": "string",
        "value": "0dp"
    },
    "_width_": {
        "type": "string",
        "value": "100%"
    },
    "activeskin": "s1521d8223134ceab18d9594c4d1d8b6",
    "activetab": 2,
    "activetabs": [
        0
    ],
    "allboxes": [],
    "canUpdateUI": true,
    "children": [
        "tabStarter",
        "tabMainCourse",
        "tabDesert"
    ],
    "collapsedimage": "",
    "containerweight": 100,
    "context": {
        "channel": "mobile",
        "formID": "frmOrder",
        "platform": "iphone",
        "tabpaneID": "",
        "templateType": "forms",
        "topLevelBox": null
    },
    "expandedimage": "",
    "id": "tabPaneOrder",
    "imageposition": "right",
    "inactiveskin": "sb6b777a26d6451f9fe34f2b496bf34f",
    "info": null,
    "isvisible": false,
    "kuid": "b8db3cbab96746cdbbc17114f904a381",
    "layouttype": 0,
    "margininpixel": false,
    "name": "kony.ui.TabPane",
    "paddinginpixel": false,
    "parent": "flxContent",
    "pf": "frmOrder",
    "screenlevelwidget": false,
    "tabnamealignment": "left",
    "toggletabs": false,
    "viewconfig": {
        "collapsibleViewConfig": {
            "collapsedImage": "",
            "collapsedimage": "",
            "expandedImage": "",
            "expandedimage": "",
            "imagePosition": "right",
            "imageposition": "right",
            "tabNameAlignment": "left",
            "tabnamealignment": "left",
            "toggleTabs": false,
            "toggletabs": false
        },
        "collapsibleviewconfig": {
            "collapsedImage": "",
            "collapsedimage": "",
            "expandedImage": "",
            "expandedimage": "",
            "imagePosition": "right",
            "imageposition": "right",
            "tabNameAlignment": "left",
            "tabnamealignment": "left",
            "toggleTabs": false,
            "toggletabs": false
        },
        "pageViewConfig": {
            "needPageIndicator": true,
            "pageOffDotImage": "",
            "pageOnDotImage": ""
        },
        "panoramaViewConfig": {
            "panoramaImage": "",
            "panoramaTitle": "",
            "panoramaTitleImage": ""
        },
        "tabViewConfig": {
            "headerPosition": "top",
            "image1": "tableftarrow.png",
            "image2": "tabrightarrow.png"
        }
    },
    "viewtype": "tabview",
    "wType": "TabPane",
    "zindex": 1
}