{"DNDConfig":null,"_height_":{"type":"string","value":"40dp"},"_margin_":[0,0,0,0],"_orientation_":6,"_padding_":[0,0,0,0],"_percent_":true,"_width_":{"type":"string","value":"100%"},"allboxes":[],"canUpdateUI":true,"children":["lblResName"],"clipbounds":true,"containerId":true,"containerweight":100,"controllerInfo":{"default":{"channel":"mobile","name":"CopyFBox08c606abedf334fController"}},"enablescrolling":true,"id":"CopyFBox08c606abedf334f","info":null,"isGeneratedTemplate":true,"isTemplate":true,"isvisible":true,"kuid":"cc899ece0d074170880645876344def2","layouttype":2,"name":"kony.ui.FlexContainer","pf":"CopyFBox08c606abedf334f","snapgridsize":10,"snaptogrid":true,"wType":"FlexContainer","widgetalignment":1}