{"DNDConfig":null,"_height_":{"type":"string","value":"40dp"},"_margin_":[0,0,0,0],"_orientation_":6,"_padding_":[0,0,0,0],"_percent_":true,"_width_":{"type":"string","value":"100%"},"allboxes":[],"canUpdateUI":true,"children":["Label0i635dd339e0e47"],"clipbounds":false,"containerId":true,"containerweight":100,"controllerInfo":{"default":{"channel":"mobile","name":"FBox0f2be6dbdc3504eController"}},"enablescrolling":true,"id":"FBox0f2be6dbdc3504e","info":null,"isGeneratedTemplate":true,"isTemplate":true,"isvisible":true,"kuid":"e6a060807f5244c994fed3755862a192","layouttype":2,"name":"kony.ui.FlexContainer","pf":"FBox0f2be6dbdc3504e","snapgridsize":10,"snaptogrid":true,"wType":"FlexContainer","widgetalignment":1}