{"DNDConfig":null,"_height_":{"type":"string","value":"40dp"},"_margin_":[0,0,0,0],"_orientation_":6,"_padding_":[0,0,0,0],"_percent_":true,"_width_":{"type":"string","value":"100%"},"allboxes":[],"canUpdateUI":true,"children":["lblResName"],"clipbounds":true,"containerId":true,"containerweight":100,"controllerInfo":{"default":{"channel":"mobile","name":"CopyFBox06e2541c111b848Controller"}},"enablescrolling":true,"id":"CopyFBox06e2541c111b848","info":null,"isGeneratedTemplate":true,"isTemplate":true,"isvisible":true,"kuid":"89333ea335604497ab3133e4d2beaf42","layouttype":2,"name":"kony.ui.FlexContainer","pf":"CopyFBox06e2541c111b848","snapgridsize":10,"snaptogrid":true,"wType":"FlexContainer","widgetalignment":1}