{"DNDConfig":null,"_height_":{"type":"ref","value":"preferred"},"_margin_":[0,0,0,0],"_orientation_":6,"_padding_":[0,0,0,0],"_percent_":true,"_skin_":"s4d83cbf0b8e4fdaa51260e64aebcce9","_width_":{"type":"string","value":"80%"},"allboxes":[],"autogrowmode":1,"canUpdateUI":true,"children":["flxNameContainer","btnMapTemplate","lblLine","lblCusines","lblLine2","imgIcon"],"clipbounds":true,"containerId":true,"containerweight":100,"controllerInfo":{"default":{"channel":"mobile","name":"FlexContainer0a038f14ef33446Controller"}},"enablescrolling":true,"id":"flxMapTmpRootContiner","ide_onClick":"AS_FlexContainer_2661e555919d430cb950404c7f89eca6","info":null,"isvisible":true,"kuid":"ec302a89e73c44d0949fc217a8a399d5","layouttype":4,"name":"kony.ui.FlexContainer","parent":"tmpMap","pf":"tmpMap","snapgridsize":10,"snaptogrid":true,"wType":"FlexContainer","widgetalignment":1}