{
    "@class": "com.kony.gen.viz.model.component.KVizImage2",
    "DNDConfig": null,
    "__parentReadjusting__": false,
    "_base64_": null,
    "_height_": {
        "type": "string",
        "value": "50dp"
    },
    "_left_": {
        "type": "string",
        "value": "5dp"
    },
    "_margin_": [
        0,
        0,
        0,
        0
    ],
    "_padding_": [
        0,
        0,
        0,
        0
    ],
    "_render_": true,
    "_skin_": "s37b42781fc04cacb7cbbed708eeefad",
    "_src_": "imagedrag.png",
    "_top_": {
        "type": "string",
        "value": "5dp"
    },
    "_width_": {
        "type": "string",
        "value": "50dp"
    },
    "android": {
        "render": false
    },
    "canUpdateUI": true,
    "containerId": true,
    "containerweight": 100,
    "context": {
        "channel": "mobile",
        "platform": "iphone",
        "templateType": "maps",
        "topLevelBox": null
    },
    "id": "imgIcon",
    "imagescalemode": 1,
    "info": null,
    "iphone": {
        "render": false
    },
    "isvisible": false,
    "kuid": "1d353ba774994823b8036d8d3e3472da",
    "name": "kony.ui.Image2",
    "parent": "flxMapTmpRootContiner",
    "pf": "tmpMap",
    "spaan": {
        "render": false
    },
    "spabb": {
        "render": false
    },
    "spaip": {
        "render": false
    },
    "spawinphone8": {
        "render": false
    },
    "srcType": 1,
    "wType": "Image",
    "widgetalignment": 5,
    "winphone8": {
        "render": false
    },
    "zindex": 1
}