{
    "@class": "com.kony.gen.viz.model.component.KVizLabel",
    "DNDConfig": null,
    "__parentReadjusting__": false,
    "_height_": {
        "type": "string",
        "value": "1dp"
    },
    "_left_": {
        "type": "string",
        "value": "5dp"
    },
    "_margin_": [
        1,
        1,
        1,
        1
    ],
    "_padding_": [
        0,
        0,
        0,
        0
    ],
    "_skin_": "s803b32bc633491196d7342553172ba2",
    "_text_": "",
    "_top_": {
        "type": "string",
        "value": "20dp"
    },
    "_width_": {
        "type": "string",
        "value": "95%"
    },
    "_wrapping_": 2,
    "android": {
        "textStyle": {
            "letterSpacing": 0,
            "strikeThrough": false
        }
    },
    "canUpdateUI": true,
    "containerId": true,
    "containerweight": 100,
    "contentalignment": 4,
    "id": "lblLine2",
    "info": null,
    "ipad": {
        "psp": {
            "wrapping": 2
        }
    },
    "iphone": {
        "psp": {
            "wrapping": 2
        }
    },
    "isvisible": true,
    "kuid": "15fc97531738438e955c874cd39ccf18",
    "name": "kony.ui.Label",
    "parent": "flxMapTmpRootContiner",
    "pf": "tmpMap",
    "tooltip": "",
    "wType": "Label",
    "zindex": 1
}