{
    "__parentReadjusting__": false,
    "_padding_": [
        0,
        0,
        0,
        0
    ],
    "_skin_": "s2dcf3c99e5b460d96d44a5b0cba6e8f",
    "_srcKuid_": "d7679d11d361422393dd1e873064a434",
    "areflexpropsreferenced": false,
    "canUpdateUI": true,
    "channel": "mobile",
    "children": [
        "flxProfile",
        "lblLine",
        "btnProfile",
        "lblLine2",
        "btnNearByRestaurant",
        "lblLine3",
        "btnFavourite",
        "lblLne4",
        "btnSubscribe",
        "lblLine5",
        "btnSignOut",
        "CopylblLine0fa063694c34c42",
        "btnSearch"
    ],
    "context": {},
    "dataDiffs": {
        "clipBounds": true,
        "enableScrolling": true,
        "height": {
            "type": "string",
            "value": "100%"
        },
        "id": "flxMenuRoot",
        "layoutType": 4,
        "left": "0dp",
        "snapGridSize": 10,
        "snapToGrid": true,
        "top": "0dp",
        "width": {
            "type": "string",
            "value": "70%"
        },
        "zIndex": 1
    },
    "id": "flxMenuRoot",
    "instanceOf": "d7679d11d361422393dd1e873064a434",
    "isdatareferenced": false,
    "isvisible": true,
    "kuid": "m71d852727a546269205b9d8a829d750",
    "masterInstance": true,
    "name": "kony.ui.FlexContainer",
    "parent": "flxMenuContainer",
    "pf": "frmHome",
    "topLevelInstanceKUID": "m6678728a4024faa8384abaa0578f91c",
    "wType": "FlexContainer"
}