{
    "__parentReadjusting__": false,
    "_padding_": [
        0,
        0,
        0,
        0
    ],
    "_skin_": "s8b27cbde45346d68328de476d1898b4",
    "_srcKuid_": "j047bd4fa19a408ca7c7ab1a1575a124",
    "areflexpropsreferenced": false,
    "canUpdateUI": true,
    "channel": "mobile",
    "children": [
        "flxMenuRoot",
        "flxShadow"
    ],
    "context": {},
    "dataDiffs": {
        "clipBounds": true,
        "enableScrolling": true,
        "height": {
            "type": "string",
            "value": "100%"
        },
        "id": "flxMenuContainer",
        "layoutType": 3,
        "left": "0%",
        "snapGridSize": 10,
        "snapToGrid": true,
        "top": "0dp",
        "width": {
            "type": "string",
            "value": "100%"
        },
        "zIndex": 20
    },
    "id": "flxMenuContainer",
    "instanceOf": "j047bd4fa19a408ca7c7ab1a1575a124",
    "isdatareferenced": false,
    "isvisible": true,
    "kuid": "m8e207be3ce64deabe0aba39a8e8a854",
    "masterInstance": true,
    "name": "kony.ui.FlexContainer",
    "parent": "MasterMenu",
    "pf": "frmHome",
    "topLevelInstanceKUID": "m6678728a4024faa8384abaa0578f91c",
    "wType": "FlexContainer"
}