{
    "@class": "com.kony.gen.viz.model.component.KVizButton",
    "DNDConfig": null,
    "__parentReadjusting__": false,
    "_bottom_": {
        "type": "string",
        "value": "0dp"
    },
    "_height_": {
        "type": "string",
        "value": "50dp"
    },
    "_margin_": [
        6,
        6,
        6,
        6
    ],
    "_padding_": [
        0,
        0,
        0,
        0
    ],
    "_skin_": "sb2af81aa0f041b88a77f82ff1305ad2",
    "_text_": "ORDER",
    "_width_": {
        "type": "string",
        "value": "100%"
    },
    "canUpdateUI": true,
    "centerx": {
        "type": "string",
        "value": "50%"
    },
    "containerweight": 100,
    "contentalignment": 5,
    "displaytext": true,
    "focusskin": "sb2af81aa0f041b88a77f82ff1305ad2",
    "id": "btnOrder",
    "ide_onClick": "AS_Button_aee22295487245bb9a7073181fbea235",
    "info": null,
    "isvisible": true,
    "kuid": "a327dd3159f54059b306066b8ec057a9",
    "name": "kony.ui.Button",
    "parent": "flxRoot",
    "pf": "frmRestaurantMenu",
    "wType": "Button",
    "zindex": 10
}