{
  "description" : "Foodie",
  "subType" : "customapp",
  "identity" : [ "ZFacebookOAuthv2", "ZGoogleOAuthv2" ],
  "intSvcs" : [ {
    "name" : "Restauants",
    "version" : "1.0"
  }, {
    "name" : "ZFBGraphAPI",
    "version" : "1.0"
  } ],
  "objectSvcs" : [ {
    "name" : "NearByRestaurant",
    "version" : "1.0"
  }, {
    "name" : "RestaurantDetails",
    "version" : "1.0"
  }, {
    "name" : "FavouriteRestaurant",
    "version" : "1.0"
  }, {
    "name" : "Profile",
    "version" : "1.0"
  } ]
}