{
  "operationConfig" : {
    "name" : "createRestaurant9551",
    "type" : "MappedToBackend",
    "cachable" : false,
    "smsEnabled" : false,
    "security" : "authorized_app_user",
    "responseEncoding" : "UTF-8",
    "httpMethod" : "GET",
    "decodeResponseBody" : false,
    "referencingEndpoint" : "default",
    "applyCommonMapping" : true,
    "opcode" : "create",
    "relationshipHierarchyMapping" : {
      "selected" : true,
      "name" : "Restaurant",
      "children" : [ ]
    }
  }
}