{
  "name" : "ZGoogleOAuthv2",
  "displayName" : "ZGoogleOAuthv2",
  "type" : "oauth2",
  "version" : "v1",
  "metaPreference" : -1,
  "config" : "{\"client_authentication\":{\"authentication_scheme\":\"header\",\"client_secret\":\"tAUYi7Iz-vBDvVluYbE0ZYtl\",\"client_id\":\"633849677981-4bpjt1raul88ntn5q49ondkku72ea74t.apps.googleusercontent.com\"},\"authentication_scheme\":\"query\",\"additional_data\":{\"refresh_request\":[],\"profile_request\":[],\"authorize_request\":[],\"token_request\":[]},\"scope\":\"openid email profile\",\"grant_type\":\"authorization_code\",\"auth_type\":\"oauth2\",\"dependent_providers\":[],\"logout_url\":\"https://accounts.google.com/logout\",\"token_endpoint\":\"https://www.googleapis.com/oauth2/v4/token\",\"oauthProviderType\":\"google\",\"authorization_endpoint\":\"https://accounts.google.com/o/oauth2/v2/auth\",\"profile\":{\"request_method\":\"GET\",\"profile_attribute_selectors\":{\"first_name\":\"\",\"email\":\"\",\"federation_id\":\"id\",\"last_name\":\"\",\"custom_profile_attribute_selectors\":{}},\"endpoint\":{\"location\":\"url\",\"value\":\"https://www.googleapis.com/plus/v1/people/me\",\"type\":\"direct\"}}}",
  "policyConfig" : "{\"def_user_status\":\"pending\",\"max_login_fail\":5}",
  "admissionPolicy" : "no_approval_needed",
  "ssoenabled" : false
}