{
    "@class": "com.kony.gen.viz.model.container.KVizSegment2",
    "DNDConfig": null,
    "__parentReadjusting__": false,
    "_data_": [
        {
            "lblCity": {
                "@class": "com.viz.ide.model.segment.SimpleTextSegmentData",
                "text": "City"
            },
            "lblLine": {
                "@class": "com.viz.ide.model.segment.SimpleTextSegmentData",
                "text": "Label"
            },
            "lblTitle": {
                "@class": "com.viz.ide.model.segment.SimpleTextSegmentData",
                "text": "Title"
            }
        },
        {
            "lblCity": {
                "@class": "com.viz.ide.model.segment.SimpleTextSegmentData",
                "text": "City"
            },
            "lblLine": {
                "@class": "com.viz.ide.model.segment.SimpleTextSegmentData",
                "text": "Label"
            },
            "lblTitle": {
                "@class": "com.viz.ide.model.segment.SimpleTextSegmentData",
                "text": "Title"
            }
        },
        {
            "lblCity": {
                "@class": "com.viz.ide.model.segment.SimpleTextSegmentData",
                "text": "City"
            },
            "lblLine": {
                "@class": "com.viz.ide.model.segment.SimpleTextSegmentData",
                "text": "Label"
            },
            "lblTitle": {
                "@class": "com.viz.ide.model.segment.SimpleTextSegmentData",
                "text": "Title"
            }
        }
    ],
    "_height_": {
        "type": "string",
        "value": "100%"
    },
    "_indicator_": "none",
    "_left_": {
        "type": "string",
        "value": "0dp"
    },
    "_margin_": [
        0,
        0,
        0,
        0
    ],
    "_orientation_": 2,
    "_padding_": [
        0,
        0,
        0,
        0
    ],
    "_top_": {
        "type": "string",
        "value": "0dp"
    },
    "_width_": {
        "type": "string",
        "value": "99.07%"
    },
    "autogrowmode": 0,
    "canUpdateUI": true,
    "containerweight": 100,
    "counter": "02",
    "focusedindex": null,
    "focuseditem": null,
    "groupcells": false,
    "hasSections": false,
    "id": "segCity",
    "ide_onRowClick": "AS_Segment_g76dab97ca944831b7f522f10cb7c4be",
    "info": null,
    "ipad": {
        "psp": {
            "indicator": "rowselect"
        }
    },
    "iphone": {
        "psp": {
            "indicator": "rowselect"
        }
    },
    "isvisible": true,
    "kuid": "d0a84592f129467ca74e147fb2cfa65f",
    "masterdata": {},
    "name": "kony.ui.SegmentedUI2",
    "needpageindicator": true,
    "pageoffdotimage": "pageoffdot.png",
    "pageondotimage": "pageondot.png",
    "paginationconfig": {
        "position": "bottom"
    },
    "parent": "flxCityContainer2",
    "pf": "frmSearchRestaurant",
    "retainselection": false,
    "rowTemplateId": "hdc9fb28aac04b5f8feb929e2c1a159f",
    "rowcounter": 2,
    "rowfocusskin": "s16f5f942ffc46e19f5a2ac255776966",
    "rowskin": "saf7a0e2ee4b44c09b1d252935e60a6e",
    "rowtemplate": "flxSegRoot",
    "screenlevelwidget": false,
    "seccounter": 0,
    "sectionheaderskin": "sa7fbce66693498194d459ebe0548899",
    "selectedRows": null,
    "selectedState": false,
    "selectedindex": null,
    "selectedindices": null,
    "selecteditems": null,
    "selectedsectionindex": 0,
    "selectionbehavior": "default",
    "separatorcolor": "64646400",
    "separatorrequired": true,
    "separatorthickness": 1,
    "showscrollbars": false,
    "viewtype": "tableview",
    "wType": "Segment",
    "widgetalignment": 5,
    "widgetdatamap": {
        "flxSegRoot": "flxSegRoot",
        "lblCity": "lblCity",
        "lblLine": "lblLine",
        "lblTitle": "lblTitle"
    },
    "zindex": 1
}