{
    "__parentReadjusting__": false,
    "_padding_": [
        0,
        0,
        0,
        0
    ],
    "_skin_": "s37b42781fc04cacb7cbbed708eeefad",
    "_srcKuid_": "a81a9524b93f43d2846ccf9dfc4fe821",
    "areflexpropsreferenced": false,
    "canUpdateUI": true,
    "channel": "mobile",
    "context": {},
    "dataDiffs": {
        "centerX": "50%",
        "centerY": "50%",
        "height": {
            "type": "string",
            "value": "100%"
        },
        "id": "imgLogo",
        "imageScaleMode": 1,
        "src": "imagedrag.png",
        "width": {
            "type": "string",
            "value": "100%"
        },
        "zIndex": 1
    },
    "id": "imgLogo",
    "instanceOf": "a81a9524b93f43d2846ccf9dfc4fe821",
    "isdatareferenced": false,
    "isvisible": true,
    "kuid": "ma2431fd394c4992a10f34f3168bee6a",
    "masterInstance": true,
    "name": "kony.ui.Image2",
    "parent": "flxProfile",
    "pf": "frmHome",
    "topLevelInstanceKUID": "m6678728a4024faa8384abaa0578f91c",
    "wType": "Image"
}