{"DNDConfig":null,"_height_":{"type":"string","value":"70dp"},"_margin_":[0,0,0,0],"_orientation_":6,"_padding_":[0,0,0,0],"_percent_":true,"_skin_":"s8414298d7f94f7b8f0a8cb53f57112a","allboxes":[],"autogrowmode":0,"canUpdateUI":true,"children":["flxRestaurantInfo","lblLine"],"clipbounds":true,"containerId":true,"containerweight":100,"controllerInfo":{"default":{"channel":"mobile","name":"flxRootContainerController"}},"enablescrolling":true,"id":"flxRootContainer","info":null,"isTemplate":true,"isvisible":true,"kuid":"bb8b5e3b2f56445586b5dd1412af8367","layouttype":4,"name":"kony.ui.FlexContainer","parent":"segTmpRestaurant","pf":"segTmpRestaurant","snapgridsize":10,"snaptogrid":true,"wType":"FlexContainer","widgetalignment":1}