{
    "DNDConfig": null,
    "__parentReadjusting__": false,
    "_height_": {
        "type": "ref",
        "value": "preferred"
    },
    "_left_": {
        "type": "string",
        "value": "5dp"
    },
    "_margin_": [
        0,
        0,
        0,
        0
    ],
    "_orientation_": 6,
    "_padding_": [
        0,
        0,
        0,
        0
    ],
    "_percent_": true,
    "_skin_": "sef10f06e91f468fba67a6ea9576df45",
    "_top_": {
        "type": "string",
        "value": "5dp"
    },
    "_width_": {
        "type": "string",
        "value": "95%"
    },
    "allboxes": [],
    "autogrowmode": 1,
    "canUpdateUI": true,
    "children": [
        "CopylblFname0bedfd3ef444b49",
        "CopylblColon0bd347748c2184f",
        "txtBoxFname"
    ],
    "clipbounds": true,
    "containerweight": 100,
    "enablescrolling": true,
    "id": "flxFname",
    "info": null,
    "isvisible": true,
    "kuid": "d1fd775d5b984dd2a25bcbe93316b850",
    "layouttype": 4,
    "name": "kony.ui.FlexContainer",
    "parent": "flxInfo",
    "pf": "frmEditProfile",
    "snapgridsize": 10,
    "snaptogrid": true,
    "wType": "FlexContainer",
    "widgetalignment": 1,
    "zindex": 1
}