{
    "DNDConfig": null,
    "__parentReadjusting__": false,
    "_height_": {
        "type": "ref",
        "value": "preferred"
    },
    "_left_": {
        "type": "string",
        "value": "0dp"
    },
    "_margin_": [
        0,
        0,
        0,
        0
    ],
    "_orientation_": 6,
    "_padding_": [
        0,
        0,
        0,
        0
    ],
    "_percent_": true,
    "_skin_": "s7730cb9204741579c33a292d8f2ae6e",
    "_top_": {
        "type": "string",
        "value": "10dp"
    },
    "_width_": {
        "type": "string",
        "value": "95%"
    },
    "allboxes": [],
    "autogrowmode": 1,
    "canUpdateUI": true,
    "centerx": {
        "type": "string",
        "value": "50%"
    },
    "children": [
        "flxFname",
        "lblLine1",
        "flxLName",
        "lblLine2",
        "flxEmail",
        "lblLine3",
        "flxMob",
        "CopylblLine0b6f3f9b49a6140"
    ],
    "clipbounds": true,
    "containerweight": 100,
    "enablescrolling": true,
    "id": "flxInfo",
    "info": null,
    "isvisible": true,
    "kuid": "ib32f8e3405748258d4f5bb0e2a39cfa",
    "layouttype": 4,
    "name": "kony.ui.FlexContainer",
    "parent": "flxRootContainer",
    "pf": "frmEditProfile",
    "snapgridsize": 10,
    "snaptogrid": true,
    "wType": "FlexContainer",
    "widgetalignment": 1,
    "zindex": 1
}