{
    "@class": "com.kony.gen.viz.model.component.KVizButton",
    "DNDConfig": null,
    "__parentReadjusting__": false,
    "_height_": {
        "type": "string",
        "value": "50dp"
    },
    "_margin_": [
        6,
        6,
        6,
        6
    ],
    "_padding_": [
        0,
        0,
        0,
        0
    ],
    "_render_": true,
    "_skin_": "s5d8f8f427e04cd0b613daead1a2f613",
    "_text_": "",
    "_top_": {
        "type": "string",
        "value": "60.70%"
    },
    "_width_": {
        "type": "string",
        "value": "260dp"
    },
    "android": {
        "render": true
    },
    "canUpdateUI": true,
    "centerx": {
        "type": "string",
        "value": "50%"
    },
    "containerweight": 100,
    "contentalignment": 5,
    "displaytext": true,
    "focusskin": "s5d8f8f427e04cd0b613daead1a2f613",
    "id": "btnGLogin",
    "ide_onClick": "AS_Button_5ad572826c524e8a90870422b3df6054",
    "info": null,
    "iphone": {
        "render": false
    },
    "isvisible": true,
    "kuid": "4ddade3944fe456fbd50ea6d918ed69f",
    "name": "kony.ui.Button",
    "parent": "frmLogin",
    "pf": "frmLogin",
    "spaan": {
        "render": true
    },
    "spabb": {
        "render": true
    },
    "spaip": {
        "render": false
    },
    "spawinphone8": {
        "render": true
    },
    "wType": "Button",
    "winphone8": {
        "render": true
    },
    "zindex": 1
}