{
    "DNDConfig": null,
    "__parentReadjusting__": false,
    "_bottom_": {
        "type": "string",
        "value": "0dp"
    },
    "_height_": {
        "type": "string",
        "value": "40dp"
    },
    "_margin_": [
        0,
        0,
        0,
        0
    ],
    "_orientation_": 6,
    "_padding_": [
        0,
        0,
        0,
        0
    ],
    "_percent_": true,
    "_skin_": "s79d790d43ce484c9f67a2c764cd18a9",
    "_width_": {
        "type": "string",
        "value": "80%"
    },
    "allboxes": [],
    "autogrowmode": 0,
    "canUpdateUI": true,
    "centerx": {
        "type": "string",
        "value": "50%"
    },
    "children": [
        "lblSignUp"
    ],
    "clipbounds": true,
    "containerweight": 100,
    "enablescrolling": true,
    "id": "flxSignUp",
    "info": null,
    "isvisible": false,
    "kuid": "5e62577f0a28476caaef52a2cef9d553",
    "layouttype": 2,
    "name": "kony.ui.FlexContainer",
    "parent": "flxRootCredentials",
    "pf": "frmLogin",
    "snapgridsize": 10,
    "snaptogrid": true,
    "wType": "FlexContainer",
    "widgetalignment": 1,
    "zindex": 1
}