{
    "AS_AppEvents_j3fdee38f72542aaaf876abfc82dc2e8": {
        "id": "AS_AppEvents_j3fdee38f72542aaaf876abfc82dc2e8",
        "type": "ACTION_SEQUENCE",
        "params": [{
            "datatype": "collection",
            "name": "eventobject"
        }],
        "language": "js",
        "actions": [{
            "id": "INVOKE_FUNCTION___b980d993363e40c1b3d07177dc5ac082",
            "type": "INVOKE_FUNCTION",
            "display": "<>",
            "inputparams": [],
            "parentId": null,
            "callbackType": null,
            "disabled": null
        }]
    }
}