{
    "AS_Button_a93614de9cbc4844909c2c7033b4404b": {
        "id": "AS_Button_a93614de9cbc4844909c2c7033b4404b",
        "type": "ACTION_SEQUENCE",
        "params": [{
            "datatype": "collection",
            "name": "eventobject"
        }],
        "language": "js",
        "actions": [{
            "id": "ADD_SNIPPET_ide_onClick_b04b5fe9963444aaa2941d54f114e5a6",
            "type": "ADD_SNIPPET",
            "codeSnippet": "this.getFavouriteRestaurant();",
            "callbackType": null
        }]
    }
}