{
    "AS_Button_f7a2f0dfa94d4a319b9f2f03273383cc": {
        "id": "AS_Button_f7a2f0dfa94d4a319b9f2f03273383cc",
        "type": "ACTION_SEQUENCE",
        "params": [{
            "datatype": "collection",
            "name": "eventobject"
        }],
        "language": "js",
        "actions": [{
            "id": "ADD_SNIPPET_ide_onClick_caeed57155734585ae63ba198b1b0466",
            "type": "ADD_SNIPPET",
            "codeSnippet": "this.signOut();",
            "callbackType": null
        }]
    }
}