{
    "AS_Button_h4d198d9a8c44e2cbf909b3b8ff9df76": {
        "id": "AS_Button_h4d198d9a8c44e2cbf909b3b8ff9df76",
        "type": "ACTION_SEQUENCE",
        "params": [{
            "datatype": "collection",
            "name": "eventobject"
        }],
        "language": "js",
        "actions": [{
            "id": "ADD_SNIPPET_ide_onClick_e17f1303e244446bae7bdec4d1c8c824",
            "type": "ADD_SNIPPET",
            "codeSnippet": "this.navigateTofrmHome();",
            "callbackType": null
        }]
    }
}