{
    "AS_Button_a9a115feda634959a7a52db7f7fe1197": {
        "id": "AS_Button_a9a115feda634959a7a52db7f7fe1197",
        "type": "ACTION_SEQUENCE",
        "params": [{
            "datatype": "collection",
            "name": "eventobject"
        }],
        "contextObj": {
            "name": "frmBrowser",
            "type": "forms",
            "platform": "",
            "KUID": "4db154e0fdc249db93548d33e17fcc52"
        },
        "language": "js",
        "actions": [{
            "id": "ADD_SNIPPET__be2a9d97a9ff4e029f46f34bcb63eb49",
            "type": "ADD_SNIPPET",
            "codeSnippet": "this.login(\"googleoAuth\");",
            "parentId": null,
            "callbackType": null
        }]
    }
}