{
    "AS_Button_f2b727fb77084e958bffbd1ea029e41f": {
        "id": "AS_Button_f2b727fb77084e958bffbd1ea029e41f",
        "type": "ACTION_SEQUENCE",
        "params": [{
            "datatype": "collection",
            "name": "eventobject"
        }],
        "contextObj": {
            "name": "frmHome",
            "type": "forms",
            "platform": "",
            "KUID": "9b74c11daa304d118f07a119e787eb8b"
        },
        "language": "js",
        "actions": [{
            "id": "ADD_SNIPPET__5bc9c8157f354f5aa059018ed07eea24",
            "type": "ADD_SNIPPET",
            "codeSnippet": "this.navigateToFormProfile();",
            "parentId": null,
            "callbackType": null
        }]
    }
}