{
    "AS_Button_i3c3cf468a22422ebd0d80e36f1d4fc2": {
        "id": "AS_Button_i3c3cf468a22422ebd0d80e36f1d4fc2",
        "type": "ACTION_SEQUENCE",
        "params": [{
            "datatype": "collection",
            "name": "eventobject"
        }],
        "contextObj": {
            "name": "frmHome",
            "type": "forms",
            "platform": "",
            "KUID": "9b74c11daa304d118f07a119e787eb8b"
        },
        "sourceObj": {
            "itemKUID": "f6110111635045ee87767e8080129f26",
            "widgetKUID": "cb055102aeb84509aa1c3eb55a7d52cd",
            "evt": "onClick"
        },
        "language": "js",
        "actions": [{
            "id": "ADD_SNIPPET__c0e7ff8e11e44946ac9905943aff841e",
            "type": "ADD_SNIPPET",
            "codeSnippet": "this.hideMenu();",
            "parentId": null,
            "callbackType": null
        }]
    }
}