{
    "AS_Button_5ad572826c524e8a90870422b3df6054": {
        "id": "AS_Button_5ad572826c524e8a90870422b3df6054",
        "type": "ACTION_SEQUENCE",
        "params": [{
            "datatype": "collection",
            "name": "eventobject"
        }],
        "contextObj": {
            "name": "frmLogin",
            "type": "forms",
            "platform": null,
            "KUID": "97f4bf1f17b04547b0979a41d1859419"
        },
        "language": "js",
        "actions": [{
            "id": "ADD_SNIPPET__27f98bfde6f74f6ca06eaf4cbbfc99b2",
            "type": "ADD_SNIPPET",
            "codeSnippet": "this.login(RESTAURANT_CONFIG.GOOGLE_PROVIDER);\n//this.login(\"ZGoogleOAuthv2\");",
            "parentId": null,
            "callbackType": null
        }]
    }
}