{
    "AS_Button_e9bb141705214ebfae8d61380c33c2b1": {
        "id": "AS_Button_e9bb141705214ebfae8d61380c33c2b1",
        "type": "ACTION_SEQUENCE",
        "params": [{
            "datatype": "collection",
            "name": "eventobject"
        }],
        "contextObj": {
            "name": "frmMap",
            "type": "forms",
            "platform": "",
            "KUID": "60245041ff8b499caba9091f02656cbc"
        },
        "language": "js",
        "actions": [{
            "id": "ADD_SNIPPET__551c8d307bfa44acb490dc9cc0335d26",
            "type": "ADD_SNIPPET",
            "codeSnippet": "this.getFavouriteRestaurant();",
            "parentId": null,
            "callbackType": null
        }]
    }
}