{
    "AS_Button_ca05cd8f5cf545cfab4f3bc54b9ba5c4": {
        "id": "AS_Button_ca05cd8f5cf545cfab4f3bc54b9ba5c4",
        "type": "ACTION_SEQUENCE",
        "params": [{
            "datatype": "collection",
            "name": "eventobject"
        }],
        "language": "js",
        "actions": [{
            "id": "ADD_SNIPPET_ide_onClick_6be7248b8ce740d8bc378810310dd8fa",
            "type": "ADD_SNIPPET",
            "codeSnippet": "this.navigateTofrmHome();",
            "callbackType": null
        }]
    }
}