{
    "AS_Button_e9d060fb41cf4ef5b9a3a90fe0f9d414": {
        "id": "AS_Button_e9d060fb41cf4ef5b9a3a90fe0f9d414",
        "type": "ACTION_SEQUENCE",
        "params": [{
            "datatype": "collection",
            "name": "eventobject"
        }],
        "contextObj": {
            "name": "frmSearchRestaurant",
            "type": "forms",
            "platform": "",
            "KUID": "f25fbbd0d5af4d229da1958ff693ee41"
        },
        "language": "js",
        "actions": [{
            "id": "ADD_SNIPPET__c1f4bbe8ec994c7e9503aeb3e8a6aa0a",
            "type": "ADD_SNIPPET",
            "codeSnippet": "this.getCity();",
            "parentId": null,
            "callbackType": null
        }]
    }
}