{
    "AS_Button_e70257dae256419dbde3141af6263315": {
        "id": "AS_Button_e70257dae256419dbde3141af6263315",
        "type": "ACTION_SEQUENCE",
        "params": [{
            "datatype": "collection",
            "name": "eventobject"
        }],
        "contextObj": {
            "name": "frmPayment",
            "type": "forms",
            "platform": "",
            "KUID": "ccc21b862e1548a481a79f8a331d9958"
        },
        "language": "js",
        "actions": [{
            "id": "ADD_SNIPPET__d55cd0035ba54e488c572d509e7aaefc",
            "type": "ADD_SNIPPET",
            "codeSnippet": "this.navigateTofrmHome();",
            "parentId": null,
            "callbackType": null
        }]
    }
}