{
    "AS_FlexContainer_je6d2c828f1c4d3da5d633f2ea959615": {
        "id": "AS_FlexContainer_je6d2c828f1c4d3da5d633f2ea959615",
        "type": "ACTION_SEQUENCE",
        "params": [{
            "datatype": "collection",
            "name": "eventobject"
        }],
        "contextObj": {
            "name": "frmResDetails",
            "type": "forms",
            "platform": "",
            "KUID": "3e8d7aa94f854182a0bf598ffd5826f5"
        },
        "language": "js",
        "actions": [{
            "id": "ADD_SNIPPET__b5ff28f1ea534c4fa118976c06b4fcfb",
            "type": "ADD_SNIPPET",
            "codeSnippet": "this.makeRestaurantFavourite();",
            "parentId": null,
            "callbackType": null
        }]
    }
}