{
    "AS_FlexContainer_e7ec2bbe181e403a9f6d010f57fd2539": {
        "id": "AS_FlexContainer_e7ec2bbe181e403a9f6d010f57fd2539",
        "type": "ACTION_SEQUENCE",
        "params": [{
            "datatype": "collection",
            "name": "eventobject"
        }, {
            "datatype": "collection",
            "name": "context"
        }],
        "contextObj": {
            "name": "segTmpFavRestaurant",
            "type": "templates",
            "platform": "",
            "KUID": "4508446a2d0a4085bba333f4cd7a88b1"
        },
        "language": "js",
        "actions": [{
            "id": "ADD_SNIPPET__ed6455f81328406eaa1768182598c845",
            "type": "ADD_SNIPPET",
            "codeSnippet": "this.removeRestaurant();",
            "parentId": null,
            "callbackType": null
        }]
    }
}