{
    "AS_Form_d8994d136a0e456b8cca9c472d8d9014": {
        "id": "AS_Form_d8994d136a0e456b8cca9c472d8d9014",
        "type": "ACTION_SEQUENCE",
        "params": [{
            "datatype": "collection",
            "name": "eventobject"
        }],
        "contextObj": {
            "name": "frmLogin",
            "type": "forms",
            "platform": "",
            "KUID": "97f4bf1f17b04547b0979a41d1859419"
        },
        "language": "js",
        "actions": [{
            "id": "ADD_SNIPPET__cb3ea02bdd5e4b2983baaffa23642d0f",
            "type": "ADD_SNIPPET",
            "codeSnippet": "setCallBacks();",
            "parentId": null,
            "callbackType": null
        }]
    }
}