{
    "AS_FlexContainer_c00e106eda614b09b4aebff533c06a9f": {
        "id": "AS_FlexContainer_c00e106eda614b09b4aebff533c06a9f",
        "type": "ACTION_SEQUENCE",
        "params": [{
            "datatype": "collection",
            "name": "eventobject"
        }],
        "contextObj": {
            "name": "frmResDetails",
            "type": "forms",
            "platform": "",
            "KUID": "3e8d7aa94f854182a0bf598ffd5826f5"
        },
        "language": "js",
        "actions": [{
            "id": "ADD_SNIPPET__g43396743ce2447aa3ff73b562738ebb",
            "type": "ADD_SNIPPET",
            "codeSnippet": "this.showRestaurantMenu();",
            "parentId": null,
            "callbackType": null
        }]
    }
}