{
    "AS_Form_553c8effd5dd4e03b7bdf75b9c55a878": {
        "id": "AS_Form_553c8effd5dd4e03b7bdf75b9c55a878",
        "type": "ACTION_SEQUENCE",
        "params": [{
            "datatype": "collection",
            "name": "eventobject"
        }],
        "contextObj": {
            "name": "frmHome",
            "type": "forms",
            "platform": "",
            "KUID": "9b74c11daa304d118f07a119e787eb8b"
        },
        "language": "js",
        "actions": [{
            "id": "ADD_SNIPPET__caa1c8003213494689909ed5033305b6",
            "type": "ADD_SNIPPET",
            "codeSnippet": "//this.setGestureRecognizer();",
            "parentId": null,
            "callbackType": null
        }]
    }
}