{
    "AS_Form_8b5241802671478bb9a32816052e3458": {
        "id": "AS_Form_8b5241802671478bb9a32816052e3458",
        "type": "ACTION_SEQUENCE",
        "params": [{
            "datatype": "collection",
            "name": "eventobject"
        }],
        "contextObj": {
            "name": "frmHome2",
            "type": "forms",
            "platform": "",
            "KUID": "2dfdf38e41174418a107adc63ba4aaaa"
        },
        "language": "js",
        "actions": [{
            "id": "ADD_SNIPPET__6ca9eebe4aeb40bea2a72d9c10f9753d",
            "type": "ADD_SNIPPET",
            "codeSnippet": "mapPolyline();",
            "parentId": null,
            "callbackType": null
        }]
    }
}