{
    "AS_FlexContainer_2661e555919d430cb950404c7f89eca6": {
        "id": "AS_FlexContainer_2661e555919d430cb950404c7f89eca6",
        "type": "ACTION_SEQUENCE",
        "params": [{
            "datatype": "collection",
            "name": "eventobject"
        }],
        "contextObj": {
            "name": "tmpMap",
            "type": "templates",
            "platform": "",
            "KUID": "98e9a878c6c24827990f9f0c569208d2"
        },
        "language": "js",
        "actions": [{
            "id": "ADD_SNIPPET__2ff2c1db28714337b40ed666131b625e",
            "type": "ADD_SNIPPET",
            "codeSnippet": "this.testMethod();",
            "parentId": null,
            "callbackType": null
        }]
    }
}