{
    "AS_FlexContainer_966a5aab31d3403d96a663cd7318459b": {
        "id": "AS_FlexContainer_966a5aab31d3403d96a663cd7318459b",
        "type": "ACTION_SEQUENCE",
        "params": [{
            "datatype": "collection",
            "name": "eventobject"
        }],
        "language": "js",
        "actions": [{
            "id": "ADD_SNIPPET_ide_onClick_fa283a04321b4c0c8e592ea6fd654b6b",
            "type": "ADD_SNIPPET",
            "codeSnippet": "this.dummyFun();",
            "callbackType": null
        }]
    }
}