{
    "AS_Image_f3e6d1ce516a4bc5908f5d3721573ea8": {
        "id": "AS_Image_f3e6d1ce516a4bc5908f5d3721573ea8",
        "type": "ACTION_SEQUENCE",
        "params": [{
            "datatype": "collection",
            "name": "eventobject"
        }, {
            "datatype": "string",
            "name": "x"
        }, {
            "datatype": "string",
            "name": "y"
        }],
        "language": "js",
        "actions": [{
            "id": "ADD_SNIPPET_ide_onTouchEnd_j5e247d6be8b4a71a79047fc3282515b",
            "type": "ADD_SNIPPET",
            "codeSnippet": "this.makeRestaurantFavourite();",
            "callbackType": null
        }]
    }
}