{
    "AS_Image_a6d467ee5abc4a66b317ed6472c4a2c3": {
        "id": "AS_Image_a6d467ee5abc4a66b317ed6472c4a2c3",
        "type": "ACTION_SEQUENCE",
        "params": [{
            "datatype": "collection",
            "name": "eventobject"
        }, {
            "datatype": "string",
            "name": "x"
        }, {
            "datatype": "string",
            "name": "y"
        }],
        "contextObj": {
            "name": "frmHome",
            "type": "forms",
            "platform": "",
            "KUID": "9b74c11daa304d118f07a119e787eb8b"
        },
        "language": "js",
        "actions": [{
            "id": "ADD_SNIPPET__hb76494bfa854ec39a8fdaf99f171f3c",
            "type": "ADD_SNIPPET",
            "codeSnippet": "this.showMenu();",
            "parentId": null,
            "callbackType": null
        }]
    }
}