{
    "AS_Image_20209c86168d4b80be10829733e71b6f": {
        "id": "AS_Image_20209c86168d4b80be10829733e71b6f",
        "type": "ACTION_SEQUENCE",
        "params": [{
            "datatype": "collection",
            "name": "eventobject"
        }, {
            "datatype": "string",
            "name": "x"
        }, {
            "datatype": "string",
            "name": "y"
        }],
        "contextObj": {
            "name": "frmResDetails",
            "type": "forms",
            "platform": "",
            "KUID": "3e8d7aa94f854182a0bf598ffd5826f5"
        },
        "language": "js",
        "actions": [{
            "id": "ADD_SNIPPET__0bc58563f0b84eb6a7d0840b58329025",
            "type": "ADD_SNIPPET",
            "codeSnippet": "this.makeRestaurantFavourite();",
            "parentId": null,
            "callbackType": null
        }]
    }
}