{
    "AS_ListBox_fdcc9057f78142ee947e602934d655d4": {
        "id": "AS_ListBox_fdcc9057f78142ee947e602934d655d4",
        "type": "ACTION_SEQUENCE",
        "params": [{
            "datatype": "collection",
            "name": "eventobject"
        }],
        "contextObj": {
            "name": "frmSearchRestaurant",
            "type": "forms",
            "platform": "",
            "KUID": "f25fbbd0d5af4d229da1958ff693ee41"
        },
        "language": "js",
        "actions": [{
            "id": "ADD_SNIPPET__c1512244a814440f8cd4cb658325e45d",
            "type": "ADD_SNIPPET",
            "codeSnippet": "this.searchRestaurant();",
            "parentId": null,
            "callbackType": null
        }]
    }
}