{
    "AS_Segment_a0124d89eb8c4da689c7769fcb0bda58": {
        "id": "AS_Segment_a0124d89eb8c4da689c7769fcb0bda58",
        "type": "ACTION_SEQUENCE",
        "params": [{
            "datatype": "collection",
            "name": "eventobject"
        }, {
            "datatype": "number",
            "name": "sectionNumber"
        }, {
            "datatype": "number",
            "name": "rowNumber"
        }],
        "contextObj": {
            "name": "frmHome",
            "type": "forms",
            "platform": "",
            "KUID": "9b74c11daa304d118f07a119e787eb8b"
        },
        "language": "js",
        "actions": [{
            "id": "ADD_SNIPPET__e6258e5cf83345499a99b1ca62723758",
            "type": "ADD_SNIPPET",
            "codeSnippet": "this.onMyRowClick();",
            "parentId": null,
            "callbackType": null
        }]
    }
}