{
    "AS_Segment_a6ad63bb0a4844e0982c8d98b1fcc8d6": {
        "id": "AS_Segment_a6ad63bb0a4844e0982c8d98b1fcc8d6",
        "type": "ACTION_SEQUENCE",
        "params": [{
            "datatype": "collection",
            "name": "eventobject"
        }, {
            "datatype": "number",
            "name": "sectionNumber"
        }, {
            "datatype": "number",
            "name": "rowNumber"
        }],
        "language": "js",
        "actions": [{
            "id": "ADD_SNIPPET_ide_onRowClick_8703946377004b70b2d381a57dc8e29e",
            "type": "ADD_SNIPPET",
            "codeSnippet": "this.fetchRestaurant();",
            "callbackType": null
        }]
    }
}