{
    "AS_Segment_g76dab97ca944831b7f522f10cb7c4be": {
        "id": "AS_Segment_g76dab97ca944831b7f522f10cb7c4be",
        "type": "ACTION_SEQUENCE",
        "params": [{
            "datatype": "collection",
            "name": "eventobject"
        }, {
            "datatype": "number",
            "name": "sectionNumber"
        }, {
            "datatype": "number",
            "name": "rowNumber"
        }],
        "contextObj": {
            "name": "frmSearchRestaurant",
            "type": "forms",
            "platform": "",
            "KUID": "f25fbbd0d5af4d229da1958ff693ee41"
        },
        "language": "js",
        "actions": [{
            "id": "ADD_SNIPPET__d7919faa8f7841c0b279764d0a42deaf",
            "type": "ADD_SNIPPET",
            "codeSnippet": "this.segOnRowClick();",
            "parentId": null,
            "callbackType": null
        }]
    }
}