{
    "AS_Segment_5df59f9c2d334da3a72011f5ffb8520b": {
        "id": "AS_Segment_5df59f9c2d334da3a72011f5ffb8520b",
        "type": "ACTION_SEQUENCE",
        "params": [{
            "datatype": "collection",
            "name": "eventobject"
        }, {
            "datatype": "number",
            "name": "sectionNumber"
        }, {
            "datatype": "number",
            "name": "rowNumber"
        }],
        "language": "js",
        "actions": [{
            "id": "ADD_SNIPPET_ide_onRowClick_4aa2f9fc62ab41b88f221f828d37fd01",
            "type": "ADD_SNIPPET",
            "codeSnippet": "this.onMyRowClick();",
            "callbackType": null
        }]
    }
}