{
    "AS_Segment_afa41cd7d6004aa5bd8c80fc46f6f50e": {
        "id": "AS_Segment_afa41cd7d6004aa5bd8c80fc46f6f50e",
        "type": "ACTION_SEQUENCE",
        "params": [{
            "datatype": "collection",
            "name": "eventobject"
        }, {
            "datatype": "number",
            "name": "sectionNumber"
        }, {
            "datatype": "number",
            "name": "rowNumber"
        }],
        "contextObj": {
            "name": "frmSearchRestaurant",
            "type": "forms",
            "platform": "",
            "KUID": "f25fbbd0d5af4d229da1958ff693ee41"
        },
        "language": "js",
        "actions": [{
            "id": "ADD_SNIPPET__c08acbe1fa5f484cba44a181be1f1bda",
            "type": "ADD_SNIPPET",
            "codeSnippet": "this.onMyRowClick();",
            "parentId": null,
            "callbackType": null
        }]
    }
}