{
    "DNDConfig": null,
    "__parentReadjusting__": false,
    "_height_": {
        "type": "string",
        "value": "70%"
    },
    "_left_": {
        "type": "string",
        "value": "0dp"
    },
    "_margin_": [
        0,
        0,
        0,
        0
    ],
    "_orientation_": 6,
    "_padding_": [
        0,
        0,
        0,
        0
    ],
    "_percent_": true,
    "_skin_": "sc2a80771c41453aa8ace1e5cac312fc",
    "_top_": {
        "type": "string",
        "value": "30%"
    },
    "_width_": {
        "type": "string",
        "value": "100%"
    },
    "allboxes": [],
    "allowhorizontalbounce": false,
    "allowverticalbounce": true,
    "bounces": true,
    "canUpdateUI": true,
    "children": [
        "flxCusinies",
        "CopylblLine014ea075be44e41",
        "flxRating",
        "CopylblLine0aced769789dd40",
        "flxCost",
        "CopylblLine04821f55962dc44",
        "flxAddress",
        "lblLine",
        "flxMenu",
        "CopylblLine0d7158a0c2ab344",
        "flxFavourite",
        "CopylblLine0ba1beb7c51c64a",
        "flxExtra"
    ],
    "clipbounds": true,
    "containerweight": 100,
    "decelerat": false,
    "dragg": false,
    "enablescrolling": true,
    "horizontalscrollindicator": true,
    "id": "flxScrollInfoRoot",
    "info": null,
    "isvisible": true,
    "kuid": "ce68a0b0071342f18a93de48b7822257",
    "layouttype": 4,
    "name": "kony.ui.FlexScrollContainer",
    "pagingenabled": false,
    "parent": "flxRootContainer",
    "pf": "frmResDetails",
    "scrolldirection": 2,
    "snapgridsize": 10,
    "snaptogrid": true,
    "track": false,
    "verticalscrollindicator": true,
    "wType": "FlexScrollContainer",
    "widgetalignment": 1,
    "zindex": 2
}