{"@class":"com.kony.gen.viz.model.container.KVizScrollFlexForm","DNDConfig":null,"_margin_":[0,0,0,0],"_orientation_":1,"_padding_":[0,0,0,0],"_percent_":true,"_skin_":"s2363c49757243e599a6bc60b8fa9ea8","_title_":"Details","addWidgetsdone":false,"allboxes":[],"android":{"needAppMenu":false,"psp":{"windowSoftInputMode":2},"titleBar":false},"canUpdateUI":true,"children":["flxTitle","flxRootContainer"],"containerweight":100,"controllerInfo":{"default":{"channel":"mobile","name":"frmResDetailsController"}},"currentLocale":"default","desktopweb":{"needAppMenu":false},"device":"iPhone6","displayorientation":1,"enabledforidletimeout":false,"id":"frmResDetails","info":null,"initdone":false,"inputaccessoryviewtype":4,"ipad":{"psp":{"inputAccessoryViewType":4}},"iphone":{"needAppMenu":false,"psp":{"inputAccessoryViewType":4,"titleBarConfig":{"buttonClosureLeftSideView":"","buttonClosureRightSideView":"","buttonText":"Edit","leftButtonText":"Back","leftTitle":"Back","prevFormTitle":false,"renderTitleText":true,"rightTitle":"Edit","titleBarLeftSideView":"button","titleBarRightSideView":"button","titleClosureLeftSideView":"","titleClosureRightSideView":"","visible":false}},"titleBar":false},"isvisible":true,"kuid":"3e8d7aa94f854182a0bf598ffd5826f5","layouttype":2,"name":"kony.ui.Form2","needappmenu":true,"paddinginpixel":false,"platform":"iphone","prevDevice":"GalaxyS5","prevPlatform":"android","retainscrollposition":false,"shellCSS":"iOS_iPhone6","snapgridsize":10,"snaptogrid":true,"spaan":{"needAppMenu":false},"spabb":{"needAppMenu":false},"spaip":{"needAppMenu":false},"spawinphone8":{"needAppMenu":false},"titleBarSkin":"sb60ee388787428a87d9b8fda55fabb4","titlebar":true,"type":3,"wType":"Form","winphone8":{"needAppMenu":false}}