{
    "@class": "com.kony.gen.viz.model.component.KVizBrowser",
    "DNDConfig": null,
    "__parentReadjusting__": false,
    "_height_": {
        "type": "string",
        "value": "100%"
    },
    "_left_": {
        "type": "string",
        "value": "0dp"
    },
    "_margin_": [
        0,
        0,
        0,
        0
    ],
    "_padding_": [
        0,
        0,
        0,
        0
    ],
    "_top_": {
        "type": "string",
        "value": "0dp"
    },
    "_type_": 3,
    "_width_": {
        "type": "string",
        "value": "100%"
    },
    "canUpdateUI": true,
    "containerweight": 69,
    "detecttelnumber": true,
    "htmlstring": "Browser",
    "id": "browser",
    "info": null,
    "isvisible": true,
    "kuid": "f8d3b82e8f9f40dd9c20d6b7dc84af47",
    "margininpixel": false,
    "method": "get",
    "name": "kony.ui.Browser",
    "paddinginpixel": false,
    "parent": "frmBrowser",
    "pf": "frmBrowser",
    "requesturlconfig": {
        "URL": "",
        "requestMethod": "get"
    },
    "screenlevelwidget": false,
    "url": "",
    "wType": "Browser",
    "zindex": 1
}