{"@class":"com.kony.gen.viz.model.container.KVizScrollFlexForm","DNDConfig":null,"_margin_":[0,0,0,0],"_orientation_":1,"_padding_":[0,0,0,0],"_percent_":true,"_skin_":"s3f768fd25ab44b297054cc4d6ed59a4","_title_":null,"addWidgetsdone":false,"allboxes":[],"android":{"needAppMenu":false,"psp":{"windowSoftInputMode":2}},"canUpdateUI":true,"children":["browser"],"containerweight":100,"controllerInfo":{"default":{"channel":"mobile","name":"frmBrowserController"}},"currentLocale":"default","desktopweb":{"needAppMenu":false},"device":"iPhone6","displayorientation":1,"enabledforidletimeout":false,"id":"frmBrowser","info":null,"initdone":false,"inputaccessoryviewtype":4,"ipad":{"psp":{"inputAccessoryViewType":4}},"iphone":{"needAppMenu":false,"psp":{"inputAccessoryViewType":4,"titleBarConfig":{"buttonClosureLeftSideView":"","buttonClosureRightSideView":"","buttonText":"Edit","leftButtonText":"Back","leftTitle":"Back","prevFormTitle":false,"renderTitleText":true,"rightTitle":"Edit","titleBarLeftSideView":"button","titleBarRightSideView":"button","titleClosureLeftSideView":"","titleClosureRightSideView":"","visible":false}},"titleBar":false},"isvisible":true,"kuid":"4db154e0fdc249db93548d33e17fcc52","layouttype":2,"name":"kony.ui.Form2","needappmenu":true,"paddinginpixel":false,"platform":"iphone","prevDevice":"iPhone6","prevPlatform":"iphone","retainscrollposition":false,"shellCSS":"iOS_iPhone6","snapgridsize":10,"snaptogrid":true,"spaan":{"needAppMenu":false},"spabb":{"needAppMenu":false},"spaip":{"needAppMenu":false},"spawinphone8":{"needAppMenu":false},"titleBarSkin":"s01a3c761ed44dcab0d6537d1b55b621","titlebar":true,"type":3,"wType":"Form","winphone8":{"needAppMenu":false}}