{
    "DNDConfig": null,
    "__parentReadjusting__": false,
    "_height_": {
        "type": "string",
        "value": "100%"
    },
    "_left_": {
        "type": "string",
        "value": "0%"
    },
    "_margin_": [
        0,
        0,
        0,
        0
    ],
    "_orientation_": 6,
    "_padding_": [
        0,
        0,
        0,
        0
    ],
    "_percent_": true,
    "_skin_": "s8b27cbde45346d68328de476d1898b4",
    "_top_": {
        "type": "string",
        "value": "0dp"
    },
    "_width_": {
        "type": "string",
        "value": "100%"
    },
    "allboxes": [],
    "autogrowmode": 0,
    "canUpdateUI": true,
    "childInstances": [
        "m8e207be3ce64deabe0aba39a8e8a854"
    ],
    "children": [
        "flxMenuRoot",
        "flxShadow"
    ],
    "clipbounds": true,
    "containerweight": 100,
    "enablescrolling": true,
    "id": "flxMenuContainer",
    "info": null,
    "isvisible": true,
    "kuid": "j047bd4fa19a408ca7c7ab1a1575a124",
    "layouttype": 3,
    "name": "kony.ui.FlexContainer",
    "parent": "flxRoot",
    "pf": "MasterMenuContainer",
    "snapgridsize": 10,
    "snaptogrid": true,
    "wType": "FlexContainer",
    "widgetalignment": 1,
    "zindex": 20
}