{
    "@class": "com.kony.gen.viz.model.component.KVizButton",
    "DNDConfig": null,
    "__parentReadjusting__": false,
    "_height_": {
        "type": "string",
        "value": "50dp"
    },
    "_left_": {
        "type": "string",
        "value": "0dp"
    },
    "_margin_": [
        6,
        6,
        6,
        6
    ],
    "_padding_": [
        0,
        0,
        0,
        0
    ],
    "_skin_": "sb387f67257f4e07b92475f3419a4af8",
    "_text_": "Profile",
    "_width_": {
        "type": "string",
        "value": "260dp"
    },
    "canUpdateUI": true,
    "centerx": {
        "type": "string",
        "value": "50%"
    },
    "childInstances": [
        "m5cca7df7bff4847a0b2d2c2f413e288"
    ],
    "containerweight": 100,
    "contentalignment": 5,
    "displaytext": true,
    "focusskin": "s31d167e2ac44da0a8b0437a46d5de19",
    "id": "btnProfile",
    "info": null,
    "isvisible": true,
    "kuid": "a05b618daea94e2bbc86ea1214ebf136",
    "name": "kony.ui.Button",
    "parent": "flxMenuRoot",
    "pf": "MasterMenuContainer",
    "wType": "Button",
    "zindex": 1
}