{
    "AS_Button_bbaa73f87f1340459e94ecaaaaabd7d2": {
        "id": "AS_Button_bbaa73f87f1340459e94ecaaaaabd7d2",
        "type": "ACTION_SEQUENCE",
        "params": [{
            "datatype": "collection",
            "name": "eventobject"
        }],
        "contextObj": {
            "name": "frmSearchRestaurant",
            "type": "forms",
            "platform": "",
            "KUID": "f25fbbd0d5af4d229da1958ff693ee41"
        },
        "language": "js",
        "actions": [{
            "id": "ADD_SNIPPET__d3c308599bc64232bb0ce42044b756af",
            "type": "ADD_SNIPPET",
            "codeSnippet": "this.searchRestaurant();",
            "parentId": null,
            "callbackType": null
        }]
    }
}