{
    "AS_Button_1e3ede0adef04a10ad544461c4d00d3b": {
        "id": "AS_Button_1e3ede0adef04a10ad544461c4d00d3b",
        "type": "ACTION_SEQUENCE",
        "params": [{
            "datatype": "collection",
            "name": "eventobject"
        }],
        "contextObj": {
            "name": "frmProfile",
            "type": "forms",
            "platform": "",
            "KUID": "7e3916379bff4d73a80241ae4fc03b59"
        },
        "language": "js",
        "actions": [{
            "id": "ADD_SNIPPET__4749c6b929644f99a22c6cb0a9897547",
            "type": "ADD_SNIPPET",
            "codeSnippet": "this.navigateToFormEditProfile();",
            "parentId": null,
            "callbackType": null
        }]
    }
}