{
    "AS_Button_a918b74ac046444499e36fbd8a268a0a": {
        "id": "AS_Button_a918b74ac046444499e36fbd8a268a0a",
        "type": "ACTION_SEQUENCE",
        "params": [{
            "datatype": "collection",
            "name": "eventobject"
        }],
        "contextObj": {
            "name": "frmOrder",
            "type": "forms",
            "platform": "",
            "KUID": "fe6bafba26a445efabc3330fe3909cf1"
        },
        "language": "js",
        "actions": [{
            "id": "ADD_SNIPPET__idbc5be287bc46f18802402f572ecd10",
            "type": "ADD_SNIPPET",
            "codeSnippet": "this.makePayment();",
            "parentId": null,
            "callbackType": null
        }]
    }
}