{
    "AS_Button_ab26757515d34db2a60f5ef2ffe46323": {
        "id": "AS_Button_ab26757515d34db2a60f5ef2ffe46323",
        "type": "ACTION_SEQUENCE",
        "params": [{
            "datatype": "collection",
            "name": "eventobject"
        }],
        "contextObj": {
            "name": "frmHome",
            "type": "forms",
            "platform": "",
            "KUID": "9b74c11daa304d118f07a119e787eb8b"
        },
        "language": "js",
        "actions": [{
            "id": "ADD_SNIPPET__i0a13ab445a046b382f2738c49fd2fef",
            "type": "ADD_SNIPPET",
            "codeSnippet": "this.signOut();",
            "parentId": null,
            "callbackType": null
        }]
    }
}