{"DNDConfig":null,"_height_":{"type":"ref","value":"preferred"},"_margin_":[0,0,0,0],"_orientation_":6,"_padding_":[0,0,0,0],"_percent_":true,"_skin_":"sb60f57920c74d84b11a5bf8a1c2f667","allboxes":[],"autogrowmode":1,"canUpdateUI":true,"children":["lblTitle","lblLine","lblCity"],"clipbounds":true,"containerId":true,"containerweight":100,"controllerInfo":{"default":{"channel":"mobile","name":"flxSegRootController"}},"enablescrolling":true,"id":"flxSegRoot","info":null,"isTemplate":true,"isvisible":true,"kuid":"e8229e4458564c7ab499c406c8ba7e57","layouttype":4,"name":"kony.ui.FlexContainer","parent":"segTmpCity","pf":"segTmpCity","snapgridsize":10,"snaptogrid":true,"wType":"FlexContainer","widgetalignment":1}