{
    "DNDConfig": null,
    "__parentReadjusting__": false,
    "_height_": {
        "type": "string",
        "value": "100%"
    },
    "_left_": {
        "type": "string",
        "value": "0dp"
    },
    "_margin_": [
        0,
        0,
        0,
        0
    ],
    "_orientation_": 6,
    "_padding_": [
        0,
        0,
        0,
        0
    ],
    "_percent_": true,
    "_skin_": "s2dcf3c99e5b460d96d44a5b0cba6e8f",
    "_top_": {
        "type": "string",
        "value": "0dp"
    },
    "_width_": {
        "type": "string",
        "value": "70%"
    },
    "allboxes": [],
    "autogrowmode": 0,
    "canUpdateUI": true,
    "children": [
        "flxProfile",
        "lblLine",
        "btnProfile",
        "lblLine2",
        "btnNearByRestaurant",
        "lblLine3",
        "btnFavourite",
        "lblLne4",
        "btnSubscribe",
        "lblLine5",
        "btnSignOut"
    ],
    "clipbounds": true,
    "containerweight": 100,
    "enablescrolling": true,
    "id": "flxMenuRoot",
    "info": null,
    "isvisible": true,
    "kuid": "676595654b214af9a8fdb3e4fac73de6",
    "layouttype": 4,
    "name": "kony.ui.FlexContainer",
    "parent": "flxMenuContainer",
    "pf": "frmHome",
    "snapgridsize": 10,
    "snaptogrid": true,
    "wType": "FlexContainer",
    "widgetalignment": 1,
    "zindex": 1
}