{
    "DNDConfig": null,
    "__parentReadjusting__": false,
    "_height_": {
        "type": "string",
        "value": "100%"
    },
    "_left_": {
        "type": "string",
        "value": "0%"
    },
    "_margin_": [
        0,
        0,
        0,
        0
    ],
    "_orientation_": 6,
    "_padding_": [
        0,
        0,
        0,
        0
    ],
    "_percent_": true,
    "_render_": true,
    "_skin_": "s8b27cbde45346d68328de476d1898b4",
    "_top_": {
        "type": "string",
        "value": "0dp"
    },
    "_width_": {
        "type": "string",
        "value": "100%"
    },
    "allboxes": [],
    "android": {
        "render": false
    },
    "autogrowmode": 0,
    "canUpdateUI": true,
    "children": [
        "flxMenuRoot",
        "flxShadow"
    ],
    "clipbounds": true,
    "containerweight": 100,
    "enablescrolling": true,
    "id": "flxMenuContainer",
    "ide_onClick": "AS_FlexContainer_7127bf2110594b479dd57e62f7142247",
    "info": null,
    "iphone": {
        "render": false
    },
    "isvisible": false,
    "kuid": "981aedf571f149f4ad22fd127c8e32fc",
    "layouttype": 3,
    "name": "kony.ui.FlexContainer",
    "parent": "flxRoot",
    "pf": "frmHome",
    "snapgridsize": 10,
    "snaptogrid": true,
    "spaan": {
        "render": false
    },
    "spabb": {
        "render": false
    },
    "spaip": {
        "render": false
    },
    "spawinphone8": {
        "render": false
    },
    "wType": "FlexContainer",
    "widgetalignment": 1,
    "winphone8": {
        "render": false
    },
    "zindex": 20
}