[ {
  "name" : "average_cost_for_two",
  "sourceFieldname" : "average_cost_for_two",
  "description" : "average_cost_for_two",
  "dataType" : "string",
  "hasIndex" : false,
  "unique" : false,
  "primarykey" : false,
  "namefield" : false,
  "nullable" : true,
  "custom" : false,
  "createable" : true,
  "updateable" : true,
  "audit" : false,
  "customizable" : false,
  "fieldProperties" : {
    "autoGenerated" : "false"
  }
}, {
  "name" : "cuisines",
  "sourceFieldname" : "cuisines",
  "description" : "cuisines",
  "dataType" : "string",
  "hasIndex" : false,
  "unique" : false,
  "primarykey" : false,
  "namefield" : false,
  "nullable" : true,
  "custom" : false,
  "createable" : true,
  "updateable" : true,
  "audit" : false,
  "customizable" : false,
  "fieldProperties" : {
    "autoGenerated" : "false"
  }
}, {
  "name" : "currency",
  "sourceFieldname" : "currency",
  "description" : "currency",
  "dataType" : "string",
  "hasIndex" : false,
  "unique" : false,
  "primarykey" : false,
  "namefield" : false,
  "nullable" : true,
  "custom" : false,
  "createable" : true,
  "updateable" : true,
  "audit" : false,
  "customizable" : false,
  "fieldProperties" : {
    "autoGenerated" : "false"
  }
}, {
  "name" : "featured_image",
  "sourceFieldname" : "featured_image",
  "description" : "featured_image",
  "dataType" : "string",
  "hasIndex" : false,
  "unique" : false,
  "primarykey" : false,
  "namefield" : false,
  "nullable" : true,
  "custom" : false,
  "createable" : true,
  "updateable" : true,
  "audit" : false,
  "customizable" : false,
  "fieldProperties" : {
    "autoGenerated" : "false"
  }
}, {
  "name" : "name",
  "sourceFieldname" : "name",
  "description" : "name",
  "dataType" : "string",
  "hasIndex" : false,
  "unique" : false,
  "primarykey" : false,
  "namefield" : false,
  "nullable" : true,
  "custom" : false,
  "createable" : true,
  "updateable" : true,
  "audit" : false,
  "customizable" : false,
  "fieldProperties" : {
    "autoGenerated" : "false"
  }
}, {
  "name" : "restaurant_id",
  "sourceFieldname" : "restaurant_id",
  "description" : "restaurant_id",
  "dataType" : "string",
  "hasIndex" : false,
  "unique" : false,
  "primarykey" : false,
  "namefield" : false,
  "nullable" : true,
  "custom" : false,
  "createable" : true,
  "updateable" : true,
  "audit" : false,
  "customizable" : false,
  "fieldProperties" : {
    "autoGenerated" : "false"
  }
}, {
  "name" : "thumb",
  "sourceFieldname" : "thumb",
  "description" : "thumb",
  "dataType" : "string",
  "hasIndex" : false,
  "unique" : false,
  "primarykey" : false,
  "namefield" : false,
  "nullable" : true,
  "custom" : false,
  "createable" : true,
  "updateable" : true,
  "audit" : false,
  "customizable" : false,
  "fieldProperties" : {
    "autoGenerated" : "false"
  }
} ]